DSL-193,HUAWEI
DSL-178A,SMS
DSL-174B,HUAWEI
DSL-194A,HUAWEI
DSL-182,HUAWEI
DSL-198,HUAWEI
DSL-199,HUAWEI
DSL-177,SMS
DSL-173,HUAWEI
DSL-069,HUAWEI
DSL-196,HUAWEI
DSL-218,SMS
DSL-209,HUAWEI
DSL-166,SMS
DSL,SMS
DSl-216,HUAWEI
DSL-220,HUAWEI
DSL-197A,HUAWEI
DSL-210,HUAWEI
DSL-215,X-CAB
DSL-168,HUAWEI
DSL-167,HUAWEI
DSL-211,HUAWEI
DSL-150B,HUAWEI
DSL-190A,HUAWEI
DSL-200,HUAWEI
DSL-152A,HUAWEI
DSL-154A,HUAWEI
DSL-155,HUAWEI
DSL-170,HUAWEI
DSL-024B,HUAWEI
DSL-208,SMS
DSL159A,HUAWEI
DSL201A,HUAWEI
DSL169A,HUAWEI
DLS-145,HUAWEI
DSL197B,HUAWEI
DSL-217,HUAWEI
DSL 163,X-CAB
No Label,I-CAB
ORT-167,TYCO
ORT-169,TYCO
ORT-165,TYCO
MYG-0027-A&B,I-CAB
MYGUTAG020,I-CAB
MYGUTAG021,I-CAB
MYGUTAG022,I-CAB
MYGUTAG023,I-CAB
MYGUTAG024,I-CAB
MYGUTAG025,3M
MYGUTAG026,I-CAB
MYGUTAG033,3M
MYGUTAG034,3M
MYGUTAG035,3M
MYGUTAG036,3M
MYGUTAG037,3M
MYGUTAG039,I-CAB
MYGUTAG044,I-CAB
MYGUTAG045,I-CAB
MYGUTAG046,I-CAB
CBOUTAG004,SMS
CBOUTAG005,3M
CBOUTAG063,3M
CBOUTAG066,I-CAB
MYG-030,X-CAB
MYG-140B,SMS
MYG011-2,SMS
MYG-013-2,HUAWEI
MYG158,X-CAB
MYG-020,HUAWEI
MYG-036-2,X-CAB
MYG,HUAWEI
MYG,HUAWEI
MYG032-A,X-CAB
MYG032-B,X-CAB
MYG-139,SMS
MYG-016B,SMS
MYG031-B,HUAWEI
MYG-015B,X-CAB
MYG-025B,X-CAB
MYG023-B,X-CAB
107-A,SMS
107-B,HUAWEI
MYG-202,HUAWEI
MYG150-A,HUAWEI
MYG-026A,HUAWEI
MYG092-A,HUAWEI
MYG-154B,3M
MYG-186,HUAWEI
MYG088B,SMS
MYG021B,HUAWEI
MYG092-B,SMS
MYG091-B,SMS
MYG168-A,HUAWEI
MYG168-B,HUAWEI
MYG029A,HUAWEI
MYG,HUAWEI
MYG,HUAWEI
MYG-019B,HUAWEI
NPGTYCD001,TYCO
NPGTYCD001,TYCO
NPGTYCD001,TYCO
NPGALCD004,X-CAB
NPGALCD004,HUAWEI
NPG-022b,HUAWEI
NPG 079a,HUAWEI
NPG 024a,HUAWEI
NPG 130,HUAWEI
NPG,HUAWEI
NPG,HUAWEI
NPG,HUAWEI
PSGUTAG005,3M
PSGUTAG006,3M
PSGUTAG007,3M
PSGUTAG008,3M
PSGUTAG009,3M
PSGUTAG015,3M
PSGUTAG016,3M
PSGUTAG017,3M
PSGUTAG038,I-CAB
PSGUTAG039,I-CAB
PSGUTAG040,I-CAB
PSGUTAG041,I-CAB
NPG 127,I-CAB
PSGUTAG044,I-CAB
PSGUTAG052,3M
PSGUTAG063,3M
DSL 024A,X-CAB
DSN 151,X-CAB
DSN 162,X-CAB
DSN 175,X-CAB
DSN 198,X-CAB
DSN 067A,HUAWEI
DSN 149A,HUAWEI
DSN 150A,X-CAB
DSN 159A,X-CAB
DSN 163/B,X-CAB
DSN 172,X-CAB
DSN 186B,X-CAB
DSN 197,X-CAB
DSN 200,X-CAB
DSN 207A,X-CAB
DSN 209A,X-CAB
DSN 217,X-CAB
MYG 103,X-CAB
MYG 011A,X-CAB
MYG 012B,X-CAB
MYG 013A,X-CAB
MYG 014A,X-CAB
MYG 015A,X-CAB
MYG 016A,X-CAB
MYG 016B,X-CAB
MYG 018B,X-CAB
MYG 173,X-CAB
MYG 174,X-CAB
MYG 177,X-CAB
MYG 178,X-CAB
MYG 187,X-CAB
MYG 191,X-CAB
MYG 192,X-CAB
MYG 020A,X-CAB
MYG 021A,X-CAB
MYG 022A,X-CAB
MYG 024/1,X-CAB
MYG 025A,X-CAB
MYG 026,X-CAB
MYG 031A,X-CAB
MYG 035,X-CAB
MYG 036A,X-CAB
MYG 038A,X-CAB
MYG 039-1,X-CAB
MYG 041A,X-CAB
MYG 088,X-CAB
MYG 089,X-CAB
MYG 089B,X-CAB
MYG 090A,X-CAB
MYG 091A,X-CAB
MYG 092B,X-CAB
MYG 101-1,X-CAB
MYG 102A,X-CAB
MYG 104A,X-CAB
MYG 105A,X-CAB
MYG 107A,X-CAB
MYG 108,X-CAB
MYG 110A,X-CAB
MYG 124,X-CAB
MYG 130/1,X-CAB
MYG 130B,X-CAB
MYG 140B,X-CAB
MYG 139B,X-CAB
MYG 143,X-CAB
MYG 143B,X-CAB
MYG 147A,X-CAB
MYG 147B,X-CAB
MYG 148A,X-CAB
MYG 150A,X-CAB
MYG 150B,X-CAB
MYG 156A,X-CAB
MYG 157A,X-CAB
MYG 158,X-CAB
MYG 158-2,X-CAB
MYG 160A,X-CAB
MYG 168A,X-CAB
MYG 168B,X-CAB
MYG 174,X-CAB
MYG 186A,X-CAB
MYG 193B,X-CAB
MYG 195A,X-CAB
MYG 208A,X-CAB
MYG 023-2,X-CAB
NPG 022A,X-CAB
NPG 022B,X-CAB
NPG 023A,X-CAB
NPG 023B,X-CAB
NPG 024A,X-CAB
NPG 027A,X-CAB
NPG 027B,X-CAB
NPG 030A,X-CAB
NPG 032A,X-CAB
NPG 072A,X-CAB
NPG 072B,X-CAB
NPG 079A,X-CAB
NPG 079B,X-CAB
NPG 104A,X-CAB
NPG 105,X-CAB
NPG 106A,X-CAB
NPG 107A,X-CAB
NPG 108A,X-CAB
NPG 108B,X-CAB
NPG 111A,X-CAB
NPG 113A,X-CAB
NPG 114A,X-CAB
NPG 115B,X-CAB
NPG 116 A,X-CAB
NPG 118A,X-CAB
NPG 119B,X-CAB
NPG 120,X-CAB
NPG 147,X-CAB
MYG 150A,X-CAB
MYG 150B,X-CAB
MYG 156A,X-CAB
MYG 157A,X-CAB
DSN 172,X-CAB
DSN 186B,X-CAB
DSN 197,X-CAB
DSN 200,X-CAB
NPG 072A,X-CAB
NPG 072B,X-CAB
NPG 079A,X-CAB
